,itself-1,,inout-1,max-1,oppdir-1,samedir-1,,,lag-1,,inout-1,max-1,oppdir-1,samedir-1
"""10/6/2""",0.53,,0.60,0.51,0.53,0.70,,,374,,374,374,374,374
"""22/14/1""",0.32,,0.33,-0.08,0.32,0.33,,,,,,,,
"""22/14/2""",0.33,,0.28,-0.08,0.33,0.22,,,126,,117,127,126,131
"""9/6/1""",0.93,,0.93,0.93,0.93,0.93,,,234,,244,200,235,224
"""9/3/1""",0.79,,0.76,0.93,0.79,0.72,,,12,,12,46,12,18
"""7/1/2""",0.01,,0.14,0.50,0.01,0.31,,,,,,,,
"""7/7/2""",0.03,,0.13,0.01,0.03,0.24,,,33.69,,31.28,33.96,33.69,35.03
"""9/3/2""",0.79,,0.76,0.93,0.79,0.72,,,62.57,,65.24,53.48,62.83,59.89
"""14/1/1""",0.20,,0.15,0.08,0.20,0.04,,,3.21,,3.21,12.30,3.21,4.81
"""4/8/2""",0.30,,0.28,-0.07,0.30,0.26,,,,,,,,
"""7/11/2""",0.02,,-0.02,0.01,0.02,-0.08,,,,,,,,
"""9/11/2""",0.11,,0.09,0.06,0.11,0.06,,,,,,,,
"""1/7/1""",0.72,,0.67,0.23,0.72,0.60,,,,,,,,
"""1/7/2""",0.72,,0.67,0.23,0.72,0.60,,,,,,,,
"""30/18/2""",-0.05,,-0.04,0.00,-0.05,-0.02,,,,,,,,
"""41/3/1""",0.32,,0.32,0.00,0.32,0.32,,,,,,,,
"""7/2/2""",0.23,,0.39,0.77,0.23,0.58,,,,,,,,
"""30/18/1""",0.07,,0.10,0.10,0.07,0.15,,,,,,,,
"""7/2/1""",0.22,,0.25,0.18,0.22,0.29,,,,,,,,
"""22/11/1""",0.11,,0.23,0.12,0.11,0.38,,,,,,,,
"""42/1/2""",0.29,,0.32,0.60,0.29,0.35,,,,,,,,
"""42/1/1""",0.28,,0.24,0.40,0.28,0.20,,,,,,,,
"""22/11/2""",0.13,,0.24,0.44,0.13,0.37,,,,,,,,
"""41/5/1""",0.42,,0.38,0.53,0.42,0.35,,,,,,,,
"""41/5/2""",0.30,,0.36,0.60,0.30,0.42,,,,,,,,
"""22/10/1""",0.33,,0.22,0.45,0.33,0.10,,,,,,,,
"""22/10/2""",0.15,,0.22,0.44,0.15,0.31,,,,,,,,
"""46/3/2""",0.33,,0.34,0.40,0.33,0.34,,,,,,,,
"""27/7/2""",0.17,,0.18,0.28,0.17,0.20,,,,,,,,
"""27/7/1""",-0.03,,-0.01,-0.04,-0.03,0.01,,,,,,,,
"""6/4/2""",0.32,,0.39,0.45,0.32,0.47,,,,,,,,
"""41/3/2""",0.36,,0.32,0.00,0.36,0.27,,,,,,,,
"""20/6/1""",0.51,,0.52,0.48,0.51,0.53,,,,,,,,
"""22/13/2""",0.27,,0.31,0.60,0.27,0.37,,,,,,,,
"""7/6/1""",0.11,,0.23,0.12,0.11,0.38,,,,,,,,
"""1/9/2""",0.71,,0.65,0.92,0.71,0.57,,,,,,,,
"""1/9/1""",0.62,,0.60,0.90,0.62,0.56,,,,,,,,
"""1/8/2""",0.16,,0.18,0.19,0.16,0.22,,,,,,,,
"""9/5/1""",0.93,,0.93,0.93,0.93,0.93,,,,,,,,
"""1/8/1""",0.13,,0.15,0.17,0.13,0.17,,,,,,,,
"""46/3/1""",0.48,,0.45,0.58,0.48,0.41,,,,,,,,
"""43/1/1""",0.26,,0.34,0.64,0.26,0.44,,,,,,,,
"""13/1/1""",0.73,,0.72,0.63,0.73,0.70,,,,,,,,
"""7/3/2""",0.23,,0.38,0.02,0.23,0.56,,,,,,,,
"""13/1/2""",0.77,,0.76,0.67,0.77,0.74,,,,,,,,
"""7/5/1""",0.43,,0.32,0.58,0.43,0.18,,,,,,,,
"""6/5/2""",0.33,,0.37,0.36,0.33,0.42,,,,,,,,
"""7/5/2""",0.14,,0.22,0.45,0.14,0.31,,,,,,,,
"""41/7/2""",0.14,,0.24,0.44,0.14,0.37,,,,,,,,
"""22/12/2""",0.22,,0.26,0.63,0.22,0.30,,,,,,,,
"""4/8/1""",0.32,,0.28,-0.07,0.32,0.24,,,,,,,,
"""41/7/1""",0.11,,0.23,0.12,0.11,0.38,,,,,,,,
"""7/4/1""",0.03,,0.04,0.05,0.03,0.05,,,,,,,,
"""7/4/2""",0.06,,0.04,0.05,0.06,0.01,,,,,,,,
"""41/6/2""",0.03,,0.13,0.01,0.03,0.24,,,,,,,,
"""41/6/1""",0.07,,0.18,-0.12,0.07,0.30,,,,,,,,
"""9/4/1""",0.93,,0.93,0.93,0.93,0.93,,,,,,,,
"""22/8/1""",0.13,,0.15,0.07,0.13,0.19,,,,,,,,
"""22/12/1""",0.30,,0.28,0.54,0.30,0.27,,,,,,,,
"""7/3/1""",0.60,,0.38,0.03,0.60,0.12,,,,,,,,
"""22/8/2""",0.23,,0.38,0.03,0.23,0.57,,,,,,,,
"""9/12/2""",0.31,,0.25,0.14,0.31,0.15,,,,,,,,
"""1/4/2""",0.97,,0.97,0.97,0.97,0.97,,,,,,,,
"""7/13/2""",-0.03,,-0.09,0.04,-0.03,-0.19,,,,,,,,
"""7/13/1""",-0.10,,-0.14,-0.08,-0.10,-0.20,,,,,,,,
"""1/4/1""",0.97,,0.97,0.97,0.97,0.97,,,,,,,,
"""6/4/1""",0.46,,0.45,0.50,0.46,0.42,,,,,,,,
"""34/7/1""",0.51,,0.52,0.48,0.51,0.53,,,,,,,,
"""46/6/1""",0.56,,0.50,0.57,0.56,0.43,,,,,,,,
"""46/6/2""",0.38,,0.46,0.58,0.38,0.55,,,,,,,,
"""14/10/1""",0.26,,0.34,0.64,0.26,0.44,,,,,,,,
"""16/2/2""",0.41,,0.42,0.73,0.41,0.43,,,,,,,,
"""16/2/1""",0.53,,0.42,0.73,0.53,0.25,,,,,,,,
"""14/10/2""",0.52,,0.55,0.37,0.52,0.59,,,,,,,,
"""16/1/1""",0.37,,0.34,0.27,0.37,0.27,,,,,,,,
"""16/1/2""",0.36,,0.33,0.26,0.36,0.26,,,,,,,,
"""43/3/1""",0.12,,0.09,0.10,0.12,0.07,,,,,,,,
"""43/3/2""",-0.10,,-0.11,-0.04,-0.10,-0.13,,,,,,,,
"""22/9/1""",0.14,,0.14,0.06,0.14,0.14,,,,,,,,
"""13/6/2""",0.42,,0.47,0.19,0.42,0.54,,,,,,,,
"""22/2/1""",0.46,,0.43,0.36,0.46,0.36,,,,,,,,
"""46/4/2""",0.43,,0.49,0.48,0.43,0.55,,,,,,,,
"""13/4/1""",0.81,,0.70,0.91,0.81,0.54,,,,,,,,
"""13/4/2""",0.58,,0.66,0.78,0.58,0.77,,,,,,,,
"""1/6/1""",0.97,,0.97,0.97,0.97,0.97,,,,,,,,
"""1/6/2""",0.97,,0.97,0.97,0.97,0.97,,,,,,,,
"""13/5/1""",0.17,,0.15,-0.02,0.17,0.12,,,,,,,,
"""1/5/2""",0.97,,0.97,0.97,0.97,0.97,,,,,,,,
"""1/5/1""",0.97,,0.97,0.97,0.97,0.97,,,,,,,,
"""13/5/2""",0.17,,0.12,-0.70,0.17,0.05,,,,,,,,
"""6/1/1""",0.22,,0.29,0.11,0.22,0.38,,,,,,,,
"""5/2/2""",0.71,,0.69,0.57,0.71,0.67,,,,,,,,
"""15/12/1""",0.54,,0.57,0.48,0.54,0.60,,,,,,,,
"""15/12/2""",0.52,,0.52,0.48,0.52,0.51,,,,,,,,
"""6/2/2""",0.07,,0.11,0.11,0.07,0.15,,,,,,,,
"""6/2/1""",0.17,,0.11,0.11,0.17,0.04,,,,,,,,
"""9/1/2""",0.84,,0.83,0.96,0.84,0.82,,,,,,,,
"""35/6/1""",0.55,,0.57,0.51,0.55,0.60,,,,,,,,
"""6/3/2""",0.29,,0.32,0.60,0.29,0.35,,,,,,,,
"""6/3/1""",0.35,,0.33,0.47,0.35,0.30,,,,,,,,
"""36/3/1""",0.17,,0.19,-0.10,0.17,0.22,,,,,,,,
"""36/3/2""",0.30,,0.26,0.14,0.30,0.22,,,,,,,,
"""22/7/2""",0.23,,0.39,0.77,0.23,0.58,,,,,,,,
"""22/7/1""",0.22,,0.25,0.18,0.22,0.29,,,,,,,,
"""6/6/2""",0.34,,0.23,-0.08,0.34,0.07,,,,,,,,
"""38/1/1""",0.34,,0.31,-0.16,0.34,0.26,,,,,,,,
"""38/1/2""",0.29,,0.31,-0.16,0.29,0.32,,,,,,,,
"""15/10/2""",0.29,,0.25,0.14,0.29,0.21,,,,,,,,
"""15/10/1""",0.19,,0.21,0.04,0.19,0.23,,,,,,,,
"""33/5/2""",0.85,,0.84,0.84,0.85,0.82,,,,,,,,
"""8/3/1""",0.13,,0.18,0.34,0.13,0.24,,,,,,,,
"""9/4/2""",0.93,,0.93,0.93,0.93,0.93,,,,,,,,
"""30/21/2""",0.05,,0.08,0.18,0.05,0.13,,,,,,,,
"""35/1/1""",0.07,,0.14,0.28,0.07,0.21,,,,,,,,
"""5/4/2""",0.73,,0.66,0.72,0.73,0.56,,,,,,,,
"""30/21/1""",0.00,,-0.01,-0.10,0.00,-0.03,,,,,,,,
"""6/6/1""",0.39,,0.42,-0.09,0.39,0.46,,,,,,,,
"""5/3/1""",0.67,,0.65,0.71,0.67,0.61,,,,,,,,
"""5/3/2""",0.64,,0.59,0.49,0.64,0.52,,,,,,,,
"""35/1/2""",0.08,,0.12,0.11,0.08,0.18,,,,,,,,
"""9/1/1""",0.89,,0.86,0.98,0.89,0.82,,,,,,,,
"""20/5/2""",0.53,,0.52,0.48,0.53,0.51,,,,,,,,
"""20/5/1""",0.50,,0.52,0.48,0.50,0.53,,,,,,,,
"""30/20/2""",0.03,,0.13,0.40,0.03,0.27,,,,,,,,
"""20/6/2""",0.52,,0.52,0.48,0.52,0.51,,,,,,,,
"""13/6/1""",0.60,,0.47,0.19,0.60,0.32,,,,,,,,
"""36/5/2""",0.24,,0.30,0.41,0.24,0.40,,,,,,,,
"""36/5/1""",0.24,,0.24,0.21,0.24,0.24,,,,,,,,
"""9/8/2""",0.64,,0.66,0.45,0.64,0.68,,,,,,,,
"""9/6/2""",0.93,,0.93,0.93,0.93,0.93,,,,,,,,
"""30/20/1""",0.04,,0.05,0.00,0.04,0.06,,,,,,,,
"""5/5/2""",0.50,,0.47,0.14,0.50,0.43,,,,,,,,
"""5/5/1""",0.52,,0.47,0.14,0.52,0.39,,,,,,,,
"""35/6/2""",0.53,,0.52,0.48,0.53,0.51,,,,,,,,
"""7/7/1""",0.06,,0.17,-0.12,0.06,0.30,,,,,,,,
"""9/8/1""",0.76,,0.66,0.45,0.76,0.50,,,,,,,,
"""9/12/1""",0.34,,0.28,0.18,0.34,0.19,,,,,,,,
"""1/10/2""",0.95,,0.95,0.96,0.95,0.96,,,,,,,,
"""1/10/1""",0.97,,0.96,0.97,0.97,0.94,,,,,,,,
"""15/1/1""",0.25,,0.32,0.25,0.25,0.42,,,,,,,,
"""35/4/2""",0.46,,0.44,0.48,0.46,0.43,,,,,,,,
"""5/6/1""",0.23,,0.30,0.40,0.23,0.39,,,,,,,,
"""8/4/2""",0.22,,0.11,0.31,0.22,0.00,,,,,,,,
"""35/4/1""",0.43,,0.44,0.48,0.43,0.46,,,,,,,,
"""38/4/2""",0.52,,0.49,0.61,0.52,0.46,,,,,,,,
"""7/6/2""",0.13,,0.24,0.44,0.13,0.37,,,,,,,,
"""5/6/2""",0.17,,0.19,0.16,0.17,0.23,,,,,,,,
"""21/5/2""",0.46,,0.44,0.48,0.46,0.43,,,,,,,,
"""45/1/2""",0.41,,0.47,0.52,0.41,0.53,,,,,,,,
"""21/5/1""",0.43,,0.44,0.48,0.43,0.46,,,,,,,,
"""43/1/2""",0.52,,0.55,0.37,0.52,0.59,,,,,,,,
"""21/4/2""",0.29,,0.27,0.10,0.29,0.25,,,,,,,,
"""21/4/1""",0.16,,0.18,0.10,0.16,0.20,,,,,,,,
"""7/12/2""",0.54,,0.36,-0.43,0.54,0.11,,,,,,,,
"""8/3/2""",0.08,,0.12,0.11,0.08,0.18,,,,,,,,
"""46/5/2""",0.41,,0.47,0.52,0.41,0.53,,,,,,,,
"""46/5/1""",0.39,,0.45,0.27,0.39,0.52,,,,,,,,
"""1/11/2""",0.89,,0.91,0.92,0.89,0.94,,,,,,,,
"""1/11/1""",0.95,,0.91,0.92,0.95,0.86,,,,,,,,
"""7/12/1""",0.00,,-0.11,0.32,0.00,-0.26,,,,,,,,
"""35/5/1""",0.51,,0.52,0.48,0.51,0.53,,,,,,,,
"""30/2/2""",-0.02,,0.03,-0.05,-0.02,0.09,,,,,,,,
"""15/1/2""",0.39,,0.34,0.26,0.39,0.26,,,,,,,,
"""35/2/1""",0.05,,0.12,0.32,0.05,0.20,,,,,,,,
"""8/1/2""",0.22,,0.23,0.25,0.22,0.25,,,,,,,,
"""21/3/1""",0.05,,0.12,0.32,0.05,0.20,,,,,,,,
"""5/1/2""",0.64,,0.69,0.79,0.64,0.79,,,,,,,,
"""5/1/1""",0.74,,0.67,0.77,0.74,0.53,,,,,,,,
"""21/2/1""",0.13,,0.18,0.34,0.13,0.24,,,,,,,,
"""21/2/2""",0.08,,0.12,0.11,0.08,0.18,,,,,,,,
"""30/23/1""",-0.06,,0.03,-0.10,-0.06,0.17,,,,,,,,
"""30/23/2""",0.07,,0.19,0.36,0.07,0.38,,,,,,,,
"""14/5/2""",0.49,,0.51,0.69,0.49,0.53,,,,,,,,
"""30/1/1""",0.12,,0.10,-0.01,0.12,0.09,,,,,,,,
"""30/1/2""",0.08,,0.10,-0.01,0.08,0.13,,,,,,,,
"""14/5/1""",0.48,,0.45,0.58,0.48,0.41,,,,,,,,
"""4/7/1""",0.78,,0.78,0.52,0.78,0.79,,,,,,,,
"""30/22/1""",0.26,,0.13,0.26,0.26,-0.08,,,,,,,,
"""30/22/2""",0.05,,0.12,0.36,0.05,0.22,,,,,,,,
"""14/4/2""",0.23,,0.16,0.12,0.23,0.07,,,,,,,,
"""14/4/1""",0.27,,0.21,0.18,0.27,0.12,,,,,,,,
"""14/7/1""",0.60,,0.57,0.57,0.60,0.54,,,,,,,,
"""14/7/2""",0.41,,0.51,0.72,0.41,0.64,,,,,,,,
"""36/4/2""",0.22,,0.25,0.46,0.22,0.29,,,,,,,,
"""36/4/1""",0.31,,0.23,0.38,0.31,0.10,,,,,,,,
"""14/6/1""",0.43,,0.44,0.69,0.43,0.45,,,,,,,,
"""14/6/2""",0.43,,0.49,0.48,0.43,0.55,,,,,,,,
"""7/9/1""",0.32,,0.30,0.47,0.32,0.27,,,,,,,,
"""16/4/1""",0.46,,0.54,0.38,0.46,0.67,,,,,,,,
"""4/7/2""",0.82,,0.80,0.53,0.82,0.78,,,,,,,,
"""16/4/2""",0.64,,0.49,0.30,0.64,0.25,,,,,,,,
"""3/3/2""",0.04,,0.05,-0.06,0.04,0.06,,,,,,,,
"""3/3/1""",0.09,,0.09,0.27,0.09,0.09,,,,,,,,
"""4/2/2""",0.64,,0.63,0.13,0.64,0.61,,,,,,,,
"""16/3/2""",0.41,,0.44,0.22,0.41,0.47,,,,,,,,
"""22/3/2""",0.32,,0.29,0.05,0.32,0.25,,,,,,,,
"""22/3/1""",0.34,,0.29,0.05,0.34,0.21,,,,,,,,
"""16/3/1""",0.36,,0.40,0.67,0.36,0.47,,,,,,,,
"""3/2/2""",0.03,,0.00,-0.07,0.03,-0.05,,,,,,,,
"""3/2/1""",0.07,,0.05,0.03,0.07,0.01,,,,,,,,
"""14/3/1""",0.05,,0.01,-0.09,0.05,-0.06,,,,,,,,
"""14/3/2""",0.14,,0.12,0.08,0.14,0.10,,,,,,,,
"""42/2/1""",0.09,,0.17,0.00,0.09,0.26,,,,,,,,
"""14/2/1""",0.06,,0.06,0.02,0.06,0.07,,,,,,,,
"""8/4/1""",0.02,,0.09,0.27,0.02,0.17,,,,,,,,
"""14/2/2""",0.08,,0.08,0.05,0.08,0.08,,,,,,,,
"""12/3/2""",0.48,,0.48,0.75,0.48,0.48,,,,,,,,
"""12/3/1""",0.67,,0.60,0.98,0.67,0.51,,,,,,,,
"""30/3/2""",0.18,,0.09,0.08,0.18,-0.09,,,,,,,,
"""12/2/2""",0.79,,0.82,0.76,0.79,0.87,,,,,,,,
"""12/2/1""",0.69,,0.66,0.55,0.69,0.61,,,,,,,,
"""30/3/1""",0.09,,0.12,0.08,0.09,0.14,,,,,,,,
"""4/3/1""",0.39,,0.39,0.47,0.39,0.38,,,,,,,,
"""15/8/2""",0.21,,0.14,0.28,0.21,0.05,,,,,,,,
"""30/2/1""",0.01,,0.05,0.27,0.01,0.11,,,,,,,,
"""12/1/1""",0.64,,0.60,0.64,0.64,0.52,,,,,,,,
"""12/1/2""",0.69,,0.79,0.98,0.69,0.98,,,,,,,,
"""30/25/2""",0.03,,0.02,0.09,0.03,0.00,,,,,,,,
"""30/25/1""",0.13,,0.05,0.02,0.13,-0.10,,,,,,,,
"""30/24/2""",0.08,,0.12,0.02,0.08,0.19,,,,,,,,
"""30/24/1""",-0.09,,-0.03,-0.06,-0.09,0.05,,,,,,,,
"""31/7/2""",0.66,,0.68,0.70,0.66,0.70,,,,,,,,
"""31/7/1""",0.84,,0.84,0.88,0.84,0.84,,,,,,,,
"""3/1/1""",0.28,,0.23,0.27,0.28,0.15,,,,,,,,
"""3/1/2""",0.32,,0.28,0.35,0.32,0.21,,,,,,,,
"""30/19/2""",0.20,,0.21,0.44,0.20,0.21,,,,,,,,
"""30/19/1""",0.10,,0.15,0.18,0.10,0.23,,,,,,,,
"""41/4/1""",0.36,,0.31,0.45,0.36,0.25,,,,,,,,
"""15/11/2""",0.53,,0.50,0.54,0.53,0.47,,,,,,,,
"""15/11/1""",0.43,,0.44,0.48,0.43,0.46,,,,,,,,
"""1/12/1""",0.77,,0.75,0.83,0.77,0.72,,,,,,,,
"""1/12/2""",0.79,,0.80,0.74,0.79,0.82,,,,,,,,
"""34/9/2""",0.32,,0.28,0.16,0.32,0.23,,,,,,,,
"""1/13/1""",0.90,,0.93,0.98,0.90,0.98,,,,,,,,
"""1/13/2""",0.77,,0.76,0.70,0.77,0.74,,,,,,,,
"""5/4/1""",0.61,,0.66,0.72,0.61,0.73,,,,,,,,
"""4/1/1""",0.65,,0.63,0.64,0.65,0.61,,,,,,,,
"""42/3/1""",0.06,,0.07,-0.02,0.06,0.09,,,,,,,,
"""30/17/1""",0.08,,0.09,-0.04,0.08,0.11,,,,,,,,
"""30/17/2""",0.12,,0.09,-0.04,0.12,0.05,,,,,,,,
"""45/1/1""",0.39,,0.45,0.27,0.39,0.52,,,,,,,,
"""42/3/2""",0.05,,0.11,0.24,0.05,0.18,,,,,,,,
"""22/9/2""",0.13,,0.16,0.04,0.13,0.20,,,,,,,,
"""22/6/2""",0.14,,0.09,0.08,0.14,0.02,,,,,,,,
"""38/2/2""",0.52,,0.52,0.66,0.52,0.51,,,,,,,,
"""38/2/1""",0.47,,0.49,0.63,0.47,0.50,,,,,,,,
"""22/6/1""",0.20,,0.22,0.16,0.20,0.24,,,,,,,,
"""6/1/2""",0.38,,0.29,0.11,0.38,0.17,,,,,,,,
"""34/8/1""",0.48,,0.50,0.54,0.48,0.52,,,,,,,,
"""34/8/2""",0.46,,0.44,0.48,0.46,0.43,,,,,,,,
"""38/6/2""",0.58,,0.63,0.74,0.58,0.70,,,,,,,,
"""38/6/1""",0.72,,0.64,0.74,0.72,0.55,,,,,,,,
"""38/5/1""",0.34,,0.34,0.26,0.34,0.33,,,,,,,,
"""38/5/2""",0.58,,0.57,0.13,0.58,0.56,,,,,,,,
"""30/12/1""",0.43,,0.43,0.66,0.43,0.43,,,,,,,,
"""4/1/2""",0.58,,0.60,0.61,0.58,0.61,,,,,,,,
"""30/12/2""",0.01,,0.01,0.00,0.01,0.00,,,,,,,,
"""38/4/1""",0.39,,0.39,0.47,0.39,0.38,,,,,,,,
"""34/6/2""",0.66,,0.63,0.53,0.66,0.59,,,,,,,,
"""34/6/1""",0.58,,0.61,0.50,0.58,0.65,,,,,,,,
"""36/6/2""",0.23,,0.29,0.23,0.23,0.41,,,,,,,,
"""19/1/2""",0.52,,0.52,0.48,0.52,0.51,,,,,,,,
"""19/1/1""",0.56,,0.58,0.50,0.56,0.60,,,,,,,,
"""36/6/1""",0.21,,0.21,0.21,0.21,0.22,,,,,,,,
"""19/2/1""",0.63,,0.65,0.56,0.63,0.67,,,,,,,,
"""19/2/2""",0.53,,0.52,0.48,0.53,0.51,,,,,,,,
"""4/6/1""",0.52,,0.50,0.90,0.52,0.47,,,,,,,,
"""4/2/1""",0.52,,0.51,0.17,0.52,0.50,,,,,,,,
"""10/3/1""",0.83,,0.79,0.88,0.83,0.74,,,,,,,,
"""10/3/2""",0.79,,0.79,0.88,0.79,0.81,,,,,,,,
"""4/3/2""",0.17,,0.19,0.23,0.17,0.21,,,,,,,,
"""10/2/1""",0.65,,0.59,0.72,0.65,0.51,,,,,,,,
"""10/2/2""",0.58,,0.57,0.71,0.58,0.57,,,,,,,,
"""34/7/2""",0.64,,0.61,0.53,0.64,0.58,,,,,,,,
"""8/1/1""",0.29,,0.25,0.27,0.29,0.21,,,,,,,,
"""8/2/1""",0.16,,0.11,0.37,0.16,0.06,,,,,,,,
"""42/2/2""",0.09,,0.11,0.07,0.09,0.13,,,,,,,,
"""43/2/1""",0.53,,0.48,0.48,0.53,0.43,,,,,,,,
"""43/2/2""",0.49,,0.53,0.43,0.49,0.58,,,,,,,,
"""10/4/2""",0.48,,0.28,-0.91,0.48,-0.01,,,,,,,,
"""6/5/1""",0.32,,0.30,0.65,0.32,0.27,,,,,,,,
"""8/2/2""",0.21,,0.17,-0.17,0.21,0.12,,,,,,,,
"""4/4/2""",0.51,,0.51,0.68,0.51,0.50,,,,,,,,
"""4/4/1""",0.44,,0.39,0.48,0.44,0.33,,,,,,,,
"""38/3/2""",0.13,,0.18,0.23,0.13,0.24,,,,,,,,
"""4/5/1""",0.50,,0.44,-0.16,0.50,0.37,,,,,,,,
"""11/2/1""",0.86,,0.87,0.90,0.86,0.88,,,,,,,,
"""11/2/2""",0.86,,0.86,0.86,0.86,0.87,,,,,,,,
"""11/3/1""",0.71,,0.76,0.90,0.71,0.82,,,,,,,,
"""11/3/2""",0.82,,0.79,0.86,0.82,0.74,,,,,,,,
"""10/7/1""",0.69,,0.63,0.49,0.69,0.49,,,,,,,,
"""10/7/2""",0.50,,0.51,0.49,0.50,0.53,,,,,,,,
"""7/14/1""",0.17,,0.21,0.38,0.17,0.27,,,,,,,,
"""7/14/2""",0.22,,0.20,0.43,0.22,0.18,,,,,,,,
"""10/6/1""",0.51,,0.43,0.51,0.51,0.32,,,,,,,,
"""4/6/2""",0.55,,0.51,0.90,0.55,0.46,,,,,,,,
"""7/1/1""",0.04,,0.13,0.04,0.04,0.24,,,,,,,,
"""10/1/2""",0.27,,0.31,0.37,0.27,0.37,,,,,,,,
"""33/5/1""",0.87,,0.88,0.92,0.87,0.89,,,,,,,,
"""10/1/1""",0.11,,0.15,0.15,0.11,0.22,,,,,,,,
"""4/5/2""",0.46,,0.46,-0.17,0.46,0.46,,,,,,,,
"""35/5/2""",0.52,,0.52,0.48,0.52,0.51,,,,,,,,
"""22/2/2""",0.50,,0.47,0.41,0.50,0.41,,,,,,,,
"""10/5/2""",-0.03,,-0.02,0.88,-0.03,-0.01,,,,,,,,
"""10/5/1""",0.08,,0.04,0.23,0.08,-0.02,,,,,,,,
"""7/10/1""",0.22,,0.18,0.00,0.22,0.13,,,,,,,,
"""7/10/2""",0.20,,0.18,0.00,0.20,0.15,,,,,,,,
"""10/4/1""",0.23,,0.27,-0.73,0.23,0.33,,,,,,,,
"""7/11/1""",0.31,,0.22,0.98,0.31,0.10,,,,,,,,
"""11/1/2""",0.88,,0.86,0.82,0.88,0.82,,,,,,,,
"""11/1/1""",0.85,,0.86,0.83,0.85,0.89,,,,,,,,
"""35/3/2""",0.29,,0.27,0.14,0.29,0.25,,,,,,,,
"""15/9/2""",0.20,,0.12,0.32,0.20,0.04,,,,,,,,
"""15/9/1""",0.02,,0.09,0.27,0.02,0.17,,,,,,,,
"""9/11/1""",0.08,,0.09,0.06,0.08,0.10,,,,,,,,
"""35/3/1""",0.19,,0.21,0.04,0.19,0.23,,,,,,,,
"""35/2/2""",0.11,,0.16,0.10,0.11,0.21,,,,,,,,
"""22/13/1""",0.31,,0.30,0.47,0.31,0.29,,,,,,,,
"""9/9/2""",0.53,,0.45,0.59,0.53,0.34,,,,,,,,
"""9/9/1""",0.64,,0.58,0.48,0.64,0.50,,,,,,,,
"""14/9/2""",-0.07,,-0.10,0.44,-0.07,-0.13,,,,,,,,
"""14/9/1""",0.09,,0.06,0.19,0.09,0.01,,,,,,,,
"""9/7/2""",0.91,,0.91,0.90,0.91,0.91,,,,,,,,
"""38/3/1""",0.41,,0.46,0.56,0.41,0.51,,,,,,,,
"""34/9/1""",0.28,,0.32,0.29,0.28,0.36,,,,,,,,
"""13/2/2""",0.81,,0.82,0.81,0.81,0.84,,,,,,,,
"""14/8/2""",0.38,,0.46,0.72,0.38,0.55,,,,,,,,
"""14/8/1""",0.38,,0.38,0.27,0.38,0.39,,,,,,,,
"""13/2/1""",0.84,,0.83,0.83,0.84,0.82,,,,,,,,
"""7/9/2""",0.27,,0.31,0.42,0.27,0.37,,,,,,,,
"""9/2/1""",0.78,,0.74,0.52,0.78,0.70,,,,,,,,
"""9/2/2""",0.76,,0.74,0.52,0.76,0.72,,,,,,,,
"""15/5/2""",0.44,,0.45,0.39,0.44,0.46,,,,,,,,
"""15/5/1""",0.27,,0.28,0.35,0.27,0.28,,,,,,,,
"""46/4/1""",0.52,,0.46,0.60,0.52,0.38,,,,,,,,
"""11/4/2""",0.20,,0.19,0.15,0.20,0.18,,,,,,,,
"""15/6/1""",0.27,,0.23,0.25,0.27,0.18,,,,,,,,
"""15/6/2""",0.30,,0.33,0.37,0.30,0.37,,,,,,,,
"""11/4/1""",0.53,,0.50,0.54,0.53,0.46,,,,,,,,
"""15/7/1""",0.13,,0.17,-0.17,0.13,0.20,,,,,,,,
"""11/5/2""",0.42,,0.48,0.60,0.42,0.54,,,,,,,,
"""11/5/1""",0.17,,0.18,0.15,0.17,0.20,,,,,,,,
"""15/7/2""",0.18,,0.15,-0.06,0.18,0.12,,,,,,,,
"""14/1/2""",0.11,,0.11,0.11,0.11,0.11,,,,,,,,
"""7/8/1""",0.37,,0.35,0.47,0.37,0.33,,,,,,,,
"""7/8/2""",0.36,,0.35,0.47,0.36,0.34,,,,,,,,
"""15/8/1""",0.07,,0.14,0.28,0.07,0.21,,,,,,,,
"""5/2/1""",0.66,,0.63,0.82,0.66,0.59,,,,,,,,
"""16/7/2""",0.66,,0.63,0.53,0.66,0.59,,,,,,,,
"""9/10/2""",0.39,,0.47,0.22,0.39,0.55,,,,,,,,
"""16/7/1""",0.58,,0.61,0.50,0.58,0.65,,,,,,,,
"""30/8/1""",0.14,,0.12,0.11,0.14,0.08,,,,,,,,
"""21/3/2""",0.11,,0.16,0.10,0.11,0.21,,,,,,,,
"""30/8/2""",0.18,,0.10,-0.07,0.18,-0.03,,,,,,,,
"""16/6/2""",0.52,,0.52,0.48,0.52,0.51,,,,,,,,
"""16/6/1""",0.51,,0.52,0.48,0.51,0.53,,,,,,,,
"""9/10/1""",0.27,,0.32,0.64,0.27,0.38,,,,,,,,
"""22/4/1""",0.15,,0.13,-0.07,0.15,0.11,,,,,,,,
"""22/4/2""",0.14,,0.11,-0.02,0.14,0.07,,,,,,,,
"""9/7/1""",0.95,,0.95,0.95,0.95,0.95,,,,,,,,
"""22/5/1""",0.07,,0.06,0.00,0.07,0.05,,,,,,,,
"""16/5/1""",0.54,,0.55,0.49,0.54,0.56,,,,,,,,
"""16/5/2""",0.47,,0.47,0.47,0.47,0.47,,,,,,,,
"""22/5/2""",0.06,,0.05,0.04,0.06,0.04,,,,,,,,
"""13/3/2""",0.82,,0.80,0.74,0.82,0.77,,,,,,,,
"""13/3/1""",0.79,,0.80,0.74,0.79,0.81,,,,,,,,
"""41/4/2""",0.27,,0.31,0.60,0.27,0.37,,,,,,,,
"""15/2/1""",0.30,,0.34,0.25,0.30,0.39,,,,,,,,
"""15/2/2""",0.37,,0.34,0.26,0.37,0.30,,,,,,,,
"""15/3/1""",0.25,,0.31,0.27,0.25,0.41,,,,,,,,
"""15/3/2""",0.36,,0.41,0.64,0.36,0.49,,,,,,,,
"""9/5/2""",0.93,,0.93,0.93,0.93,0.93,,,,,,,,
"""15/4/2""",0.23,,0.35,0.42,0.23,0.53,,,,,,,,
"""15/4/1""",0.27,,0.30,0.27,0.27,0.33,,,,,,,,
